GEOID,child_poverty_pct,child_poverty_moe,under18_pop,child_poverty_pop,child_poverty_pop_moe
24001000100,5.3,5.5,596,31.588,32.78
24001000200,34,33.5,491,166.94,164.485
24001000500,48.1,31.4,363,174.603,113.982
24001000600,14.9,12.9,551,82.099,71.079
24001000700,51.7,23.4,858,443.586,200.772
24001000800,45.8,18.9,464,212.512,87.696
24001001000,43.6,21.4,413,180.068,88.382
24001001100,4.6,7.6,223,10.258,16.948
24001001200,8.4,10.6,383,32.172,40.598
24001001300,33.6,18.6,333,111.888,61.938
24001001401,8.3,13.8,777,64.491,107.226
24001001402,0,19.1,212,0,40.492
24001001502,8.3,10.5,361,29.963,37.905
24001001503,21.7,17.4,318,69.006,55.332
24001001600,19.8,14.7,192,38.016,28.224
24001001700,5.4,8.2,790,42.66,64.78
24001001800,26.5,17.7,516,136.74,91.332
24001001900,11.3,11.9,592,66.896,70.448
24001002000,0,3.8,1112,0,42.256
24001002100,24.4,13.6,487,118.828,66.232
24001002200,21.2,19.2,885,187.62,169.92
24001002300,36.6,21.7,1115,408.09,241.955
24003701101,1.6,2.9,893,14.288,25.897
24003701103,0,4.9,838,0,41.062
24003701104,4.1,5.9,725,29.725,42.775
24003701201,0,5.6,733,0,41.048
24003701202,5,5.3,1223,61.15,64.819
24003701301,7.6,11.7,1136,86.336,132.912
24003701302,7.3,11.1,740,54.02,82.14
24003701400,0.8,1.6,612,4.896,9.792
24003702100,0,3.1,1329,0,41.199
24003702204,0,2.5,1665,0,41.625
24003702205,8.2,12.9,1399,114.718,180.471
24003702206,3.6,5.5,2079,74.844,114.345
24003702208,0,1.8,2354,0,42.372
24003702209,1.1,1.7,1096,12.056,18.632
24003702300,0,3,1410,0,42.3
24003702402,7.6,9.7,1205,91.58,116.885
24003702500,1.7,2.9,1795,30.515,52.055
24003702601,7,8.9,1050,73.5,93.45
24003702602,1.1,1.7,1351,14.861,22.967
24003702702,1.7,10.3,517,8.789,53.251
24003702703,0,28.7,122,0,35.014
24003702704,0,17,227,0,38.59
24003706102,23.6,29.5,534,126.024,157.53
24003706103,0,33.1,100,0,33.1
24003706302,0,11,366,0,40.26
24003706303,6.2,9.8,501,31.062,49.098
24003706304,41.7,37.4,163,67.971,60.962
24003706402,6.7,7.6,566,37.922,43.016
24003706403,18,21.3,905,162.9,192.765
24003706404,9.5,14.1,732,69.54,103.212
24003706500,6,10.4,1290,77.4,134.16
24003706600,6.4,9.3,1299,83.136,120.807
24003706700,0,19.3,197,0,38.021
24003707001,7.3,10.1,1225,89.425,123.725
24003707002,6.4,8.1,907,58.048,73.467
24003708001,3,4.7,878,26.34,41.266
24003708004,8.1,11.6,1702,137.862,197.432
24003730101,0,9.7,431,0,41.807
24003730102,3.4,5.2,3020,102.68,157.04
24003730204,0,2.7,1545,0,41.715
24003730205,10.9,22.7,247,26.923,56.069
24003730206,16.4,21.9,670,109.88,146.73
24003730300,4.5,6.8,843,37.935,57.324
24003730401,17.9,14.5,1190,213.01,172.55
24003730403,2.4,3.9,971,23.304,37.869
24003730404,20.7,18.1,585,121.095,105.885
24003730507,6.7,8.4,810,54.27,68.04
24003730508,7.4,10.8,616,45.584,66.528
24003730509,4.9,8,1264,61.936,101.12
24003730510,11.4,10.5,863,98.382,90.615
24003730511,13.2,15.6,348,45.936,54.288
24003730512,5.5,8,597,32.835,47.76
24003730513,29.5,28.7,302,89.09,86.674
24003730514,16.6,20.5,440,73.04,90.2
24003730601,3.8,4.9,2026,76.988,99.274
24003730603,0,4.4,953,0,41.932
24003730605,18,14.7,668,120.24,98.196
24003730606,0,3.1,1354,0,41.974
24003730701,3.7,7.2,562,20.794,40.464
24003730702,0,3.4,1236,0,42.024
24003730800,0.7,1.1,575,4.025,6.325
24003730901,6.5,8.8,871,56.615,76.648
24003730902,1.8,2.9,986,17.748,28.594
24003731002,0,5.4,762,0,41.148
24003731003,6,6.6,1194,71.64,78.804
24003731004,6.4,7.2,1099,70.336,79.128
24003731103,2,3.2,1187,23.74,37.984
24003731104,1.7,2.1,1484,25.228,31.164
24003731105,0,5.4,769,0,41.526
24003731106,1.4,2.5,1096,15.344,27.4
24003731107,6.5,9.2,1051,68.315,96.692
24003731201,0,2.4,1772,0,42.528
24003731205,11.4,13.4,878,100.092,117.652
24003731206,0,4.1,1036,0,42.476
24003731207,0,4.5,942,0,42.39
24003731208,0,4.1,1066,0,43.706
24003731209,20.2,19.9,1274,257.348,253.526
24003731210,0,9.2,439,0,40.388
24003731303,3.2,4.5,1096,35.072,49.32
24003731306,2.7,4.7,1160,31.32,54.52
24003731307,6.3,8.2,1229,77.427,100.778
24003731308,2.4,2.7,710,17.04,19.17
24003731309,7.7,9.7,1090,83.93,105.73
24003731310,12.9,11.3,1190,153.51,134.47
24003731312,0,4.3,969,0,41.667
24003731313,0,7.5,546,0,40.95
24003740103,4,4.5,1871,74.84,84.195
24003740104,10.3,12.2,1780,183.34,217.16
24003740105,3.5,3.9,1425,49.875,55.575
24003740106,0.6,8.1,996,5.976,80.676
24003740107,13.9,21.9,912,126.768,199.728
24003740108,0,3.1,1344,0,41.664
24003740203,0,3.4,1260,0,42.84
24003740204,17.9,14.5,1569,280.851,227.505
24003740205,42.5,23.3,792,336.6,184.536
24003740303,0,2.8,1482,0,41.496
24003740304,0,3.3,1265,0,41.745
24003740305,9.1,10.3,2282,207.662,235.046
24003740400,,,0,,
24003740501,0,3,1408,0,42.24
24003740502,0,4.8,887,0,42.576
24003740601,0.6,1,2061,12.366,20.61
24003740602,5.8,5.1,1295,75.11,66.045
24003740603,13.8,12.6,488,67.344,61.488
24003740701,0,2.7,1545,0,41.715
24003740703,0,2,2065,0,41.3
24003740704,4.6,4.8,1661,76.406,79.728
24003740800,1.7,2.4,1095,18.615,26.28
24003740900,9.3,9.6,2535,235.755,243.36
24003741000,1.8,3.1,610,10.98,18.91
24003750101,10.8,12,1368,147.744,164.16
24003750102,11.8,15.4,559,65.962,86.086
24003750201,11.9,23.1,720,85.68,166.32
24003750204,0,4.6,1052,0,48.392
24003750300,11,15.3,608,66.88,93.024
24003750400,2.5,3.8,997,24.925,37.886
24003750801,2.2,3.4,1818,39.996,61.812
24003750803,21.7,22.7,1338,290.346,303.726
24003750804,24.3,31,920,223.56,285.2
24003750900,18.2,17.4,704,128.128,122.496
24003751000,5.6,7,556,31.136,38.92
24003751102,5.9,8.1,547,32.273,44.307
24003751103,7.2,9,1115,80.28,100.35
24003751200,0,4.3,977,0,42.011
24003751400,2.9,4.9,652,18.908,31.948
24003751500,32.2,17.9,2222,715.484,397.738
24003751600,0,8.3,528,0,43.824
24003751700,0,6.2,696,0,43.152
24003980000,,,0,,
24003990000,,,0,,
24005400100,0,8.9,457,0,40.673
24005400200,16.2,16.8,532,86.184,89.376
24005400400,9,11.1,1109,99.81,123.099
24005400500,0,6.6,618,0,40.788
24005400600,9.5,10.7,730,69.35,78.11
24005400701,4.1,4.9,616,25.256,30.184
24005400702,22.1,22.9,730,161.33,167.17
24005400800,7.3,7.5,765,55.845,57.375
24005400900,4.5,4.7,823,37.035,38.681
24005401000,0,8,507,0,40.56
24005401101,26.3,24.2,1694,445.522,409.948
24005401102,0,18.5,208,0,38.48
24005401200,11.1,10.7,644,71.484,68.908
24005401301,13.3,15.2,841,111.853,127.832
24005401302,28,31.3,279,78.12,87.327
24005401400,0,9.1,444,0,40.404
24005401503,16.4,16.4,1366,224.024,224.024
24005401504,20,19.1,1678,335.6,320.498
24005401505,26.6,23.7,763,202.958,180.831
24005401506,16.1,11.7,1247,200.767,145.899
24005401507,5.3,9.2,2095,111.035,192.74
24005402201,28.7,30.1,509,146.083,153.209
24005402202,0,20.9,204,0,42.636
24005402302,18,17.7,1451,261.18,256.827
24005402303,2.4,4.2,1244,29.856,52.248
24005402304,0,5.8,711,0,41.238
24005402305,8,11,734,58.72,80.74
24005402306,16.3,11.8,910,148.33,107.38
24005402307,10.1,12.6,1640,165.64,206.64
24005402403,19.1,17.7,382,72.962,67.614
24005402404,20.7,24.5,1162,240.534,284.69
24005402405,1.5,2.7,1379,20.685,37.233
24005402407,16.9,23.8,139,23.491,33.082
24005402408,6.6,9.8,483,31.878,47.334
24005402409,3.1,4.9,1654,51.274,81.046
24005402503,33.2,38.2,1479,491.028,564.978
24005402504,9.7,9,1057,102.529,95.13
24005402505,16.1,21.6,538,86.618,116.208
24005402506,6.1,9.7,557,33.977,54.029
24005402510,0,5.5,1242,0,68.31
24005402511,0,2.5,1686,0,42.15
24005402602,4.5,6.8,523,23.535,35.564
24005402603,9.1,13.2,850,77.35,112.2
24005402604,2.8,4.7,1518,42.504,71.346
24005403100,1.4,2.7,555,7.77,14.985
24005403201,12.6,16.3,705,88.83,114.915
24005403202,0,8.6,473,0,40.678
24005403300,21.8,26.2,426,92.868,111.612
24005403401,0,13.1,302,0,39.562
24005403402,7,13.5,761,53.27,102.735
24005403500,5.8,5.4,1700,98.6,91.8
24005403601,1.7,3,1297,22.049,38.91
24005403602,0,2,2150,0,43
24005403702,26.7,72,632,168.744,455.04
24005403703,13.6,19.6,213,28.968,41.748
24005403704,5.5,7.6,1306,71.83,99.256
24005403801,11.9,13.7,160,19.04,21.92
24005403802,0,4.3,965,0,41.495
24005403803,0,4.2,990,0,41.58
24005404101,4.8,8.2,1437,68.976,117.834
24005404102,12.8,13.2,1452,185.856,191.664
24005404201,16.1,17.6,1348,217.028,237.248
24005404202,6.5,11.1,2625,170.625,291.375
24005404402,0,3.1,1367,0,42.377
24005404403,0.7,1.3,1173,8.211,15.249
24005404404,3.6,4.8,1083,38.988,51.984
24005404501,27.5,24.6,1267,348.425,311.682
24005404502,39,23.9,751,292.89,179.489
24005404600,10.3,14.4,561,57.783,80.784
24005404800,0,10.1,403,0,40.703
24005404900,0,5.8,730,0,42.34
24005405000,2,3.7,940,18.8,34.78
24005406000,0,3.1,1366,0,42.346
24005407001,12.2,11.3,731,89.182,82.603
24005407002,6.5,9.4,1302,84.63,122.388
24005408100,0,3.3,1278,0,42.174
24005408200,10.1,10,377,38.077,37.7
24005408302,1.6,2.9,569,9.104,16.501
24005408303,0,6,688,0,41.28
24005408304,0,5.7,729,0,41.553
24005408400,0,36.7,85,0,31.195
24005408502,0,4.7,891,0,41.877
24005408503,4.6,6.5,818,37.628,53.17
24005408505,5.4,6.1,918,49.572,55.998
24005408506,12.6,13.4,1259,158.634,168.706
24005408507,27.7,15.2,1343,372.011,204.136
24005408601,8.4,9.5,905,76.02,85.975
24005408602,1,1.5,414,4.14,6.21
24005408702,0,6.6,619,0,40.854
24005408703,1.3,2.2,1572,20.436,34.584
24005408704,0,3,1407,0,42.21
24005408800,0,9.7,414,0,40.158
24005408900,0,6.5,629,0,40.885
24005410100,3.4,4,1350,45.9,54
24005410200,3.6,4.3,1214,43.704,52.202
24005411101,5.5,8.1,499,27.445,40.419
24005411102,0,7.7,559,0,43.043
24005411201,0,7,586,0,41.02
24005411202,0,4,1046,0,41.84
24005411302,2,3.5,1446,28.92,50.61
24005411303,15.9,17.9,953,151.527,170.587
24005411306,20.8,24.3,1336,277.888,324.648
24005411307,51.5,25.1,1019,524.785,255.769
24005411308,0,3.7,1129,0,41.773
24005411309,0,2.4,1830,0,43.92
24005411404,8.3,10.1,1024,84.992,103.424
24005411406,12.5,17.8,861,107.625,153.258
24005411408,18.4,13,955,175.72,124.15
24005411409,5.5,5.9,1156,63.58,68.204
24005411410,1.5,2.7,1234,18.51,33.318
24005411411,31.6,32.8,629,198.764,206.312
24005411412,29,21.2,752,218.08,159.424
24005411413,16,30.2,81,12.96,24.462
24005420100,0,6.1,672,0,40.992
24005420200,12,18.3,550,66,100.65
24005420301,19.1,17.7,415,79.265,73.455
24005420302,27.5,18.3,644,177.1,117.852
24005420303,21.7,29.3,249,54.033,72.957
24005420401,46.7,21,2477,1156.759,520.17
24005420402,8.1,11,604,48.924,66.44
24005420500,6.4,10.3,769,49.216,79.207
24005420600,26.5,23.3,1638,434.07,381.654
24005420701,37,26.5,341,126.17,90.365
24005420702,31,18.1,829,256.99,150.049
24005420800,12.6,11.5,608,76.608,69.92
24005420900,31,25.3,923,286.13,233.519
24005421000,28.3,18.7,244,69.052,45.628
24005421101,1.1,1.8,753,8.283,13.554
24005421102,18.2,18.3,521,94.822,95.343
24005421200,26,24.7,276,71.76,68.172
24005430101,21.4,19.9,1422,304.308,282.978
24005430104,2.1,2.9,620,13.02,17.98
24005430200,8.8,9.5,560,49.28,53.2
24005430300,44.7,28.1,1162,519.414,326.522
24005430400,10.2,10.7,1167,119.034,124.869
24005430600,0,9.3,433,0,40.269
24005430700,12.9,20.9,953,122.937,199.177
24005430800,4.1,5,1028,42.148,51.4
24005430900,37,18.5,1322,489.14,244.57
24005440100,2.5,3.9,1125,28.125,43.875
24005440200,5.3,7.7,545,28.885,41.965
24005440300,6.5,6.6,383,24.895,25.278
24005440400,1.1,1.9,1284,14.124,24.396
24005440500,34,30.9,963,327.42,297.567
24005440600,0,10,402,0,40.2
24005440701,9.7,12.9,1193,115.721,153.897
24005440702,3.9,6.3,747,29.133,47.061
24005440800,2.8,4.5,611,17.108,27.495
24005440900,4.6,6,745,34.27,44.7
24005441000,31.6,25,1113,351.708,278.25
24005441101,8.6,9.6,459,39.474,44.064
24005441102,8,11.4,848,67.84,96.672
24005450100,3.3,5.3,920,30.36,48.76
24005450200,26,34.9,489,127.14,170.661
24005450300,13.6,17.5,560,76.16,98
24005450400,3.1,3.6,482,14.942,17.352
24005450501,5,9.5,678,33.9,64.41
24005450503,40.2,23.7,1209,486.018,286.533
24005450504,29,21.3,2220,643.8,472.86
24005450800,9.3,8.3,1137,105.741,94.371
24005450900,6,5.9,962,57.72,56.758
24005451000,0,13,304,0,39.52
24005451100,0.6,1.1,342,2.052,3.762
24005451200,12.8,21.6,508,65.024,109.728
24005451300,19.4,20,674,130.756,134.8
24005451401,1.4,2.3,1100,15.4,25.3
24005451402,47.2,25,1517,716.024,379.25
24005451500,31.5,25.6,1306,411.39,334.336
24005451600,11,18.1,182,20.02,32.942
24005451701,2.1,3.8,1545,32.445,58.71
24005451702,0,13.9,297,0,41.283
24005451801,36.5,21.5,1275,465.375,274.125
24005451802,9.9,11.8,747,73.953,88.146
24005451803,30.5,15.9,1108,337.94,176.172
24005451900,0,5,831,0,41.55
24005452000,2.4,3.6,335,8.04,12.06
24005452100,2.3,2.1,843,19.389,17.703
24005452300,65.3,29.5,959,626.227,282.905
24005452400,12.2,11.7,754,91.988,88.218
24005452500,32.7,15,1380,451.26,207
24005490100,0,4.2,979,0,41.118
24005490200,13.2,9,839,110.748,75.51
24005490302,33.9,23.4,439,148.821,102.726
24005490303,23.8,19.8,174,41.412,34.452
24005490304,7.4,18.6,394,29.156,73.284
24005490400,7.9,10.1,408,32.232,41.208
24005490500,5,7.3,823,41.15,60.079
24005490601,3.3,4.3,707,23.331,30.401
24005490602,18.7,24.4,825,154.275,201.3
24005490603,5.7,7.3,566,32.262,41.318
24005490605,,,76,,
24005490701,0,17.1,225,0,38.475
24005490703,1.6,2.7,621,9.936,16.767
24005490800,14,16.4,678,94.92,111.192
24005490900,0,6.8,599,0,40.732
24005491000,0,5.2,796,0,41.392
24005491100,0,4.2,990,0,41.58
24005491201,12.1,19.5,345,41.745,67.275
24005491202,7.9,18.2,190,15.01,34.58
24005491300,15.4,22.8,755,116.27,172.14
24005491401,6,6.5,1217,73.02,79.105
24005491402,0,6.2,664,0,41.168
24005491500,18.7,24.6,957,178.959,235.422
24005491600,15.9,15.5,717,114.003,111.135
24005491701,13.3,14.8,897,119.301,132.756
24005491900,27.7,26.7,415,114.955,110.805
24005492001,31,26.7,235,72.85,62.745
24005492002,3.5,5.6,836,29.26,46.816
24005492101,1.3,2.4,793,10.309,19.032
24005492102,0,17.1,289,0,49.419
24005492200,28.8,21.7,959,276.192,208.103
24005492300,5.6,8.6,621,34.776,53.406
24005492401,0.3,0.5,1074,3.222,5.37
24005492402,19.5,21.4,1439,280.605,307.946
24005492500,,,5,,
24005492600,8.4,13.2,874,73.416,115.368
24005492700,19.8,26.1,358,70.884,93.438
24005980100,,,0,,
24005980200,,,0,,
24009860103,1,2.1,1926,19.26,40.446
24009860200,0,2.3,1861,0,42.803
24009860300,0.9,1.5,869,7.821,13.035
24009860402,0,4.5,928,0,41.76
24009860403,2.9,3.3,946,27.434,31.218
24009860404,0.6,1,1804,10.824,18.04
24009860501,5.5,7.3,1945,106.975,141.985
24009860502,0,6.7,616,0,41.272
24009860600,1.9,2.7,1880,35.72,50.76
24009860701,13,17.8,668,86.84,118.904
24009860702,7.9,8.9,604,47.716,53.756
24009860703,10.7,9.5,786,84.102,74.67
24009860801,1.6,2.6,1220,19.52,31.72
24009860901,0,5.8,708,0,41.064
24009860902,0,5.8,715,0,41.47
24009861003,0,3.1,1362,0,42.222
24009861004,7.1,8.1,1680,119.28,136.08
24009861100,0,3.3,1278,0,42.174
24009990100,,,0,,
24011955000,16.1,10.6,783,126.063,82.998
24011955100,17.2,11.2,1430,245.96,160.16
24011955201,9,6.8,975,87.75,66.3
24011955202,2.2,4.9,475,10.45,23.275
24011955301,7.4,11.2,1228,90.872,137.536
24011955302,28.5,15.6,741,211.185,115.596
24011955400,3.1,4.6,358,11.098,16.468
24011955500,9.1,10.3,919,83.629,94.657
24011955600,47.8,14,1147,548.266,160.58
24013501001,11.1,12.3,1662,184.482,204.426
24013501002,21.1,16,848,178.928,135.68
24013502000,3.8,6.9,716,27.208,49.404
24013503000,8.4,9.3,984,82.656,91.512
24013504100,1.2,1.4,1182,14.184,16.548
24013504201,0,3.7,1138,0,42.106
24013504202,2.3,3.7,1500,34.5,55.5
24013505101,0.8,1.2,1056,8.448,12.672
24013505102,2.7,3.5,1492,40.284,52.22
24013505203,7,8.8,1055,73.85,92.84
24013505205,7.2,6.1,794,57.168,48.434
24013505206,1.4,2.1,647,9.058,13.587
24013505207,10.2,11.1,915,93.33,101.565
24013505208,2.7,4.2,1467,39.609,61.614
24013506101,3.6,4.4,1248,44.928,54.912
24013506102,0,4.7,882,0,41.454
24013506200,3.9,6.1,946,36.894,57.706
24013507500,6.7,8,1089,72.963,87.12
24013507601,5.5,7.6,953,52.415,72.428
24013507602,2.5,4,788,19.7,31.52
24013507702,0,5.2,789,0,41.028
24013507703,0,7.2,566,0,40.752
24013507704,7.5,8.6,1631,122.325,140.266
24013507801,16.6,13.9,1224,203.184,170.136
24013507802,0,4.1,1026,0,42.066
24013508103,3.6,4.6,1721,61.956,79.166
24013508200,7.1,9.2,1449,102.879,133.308
24013509001,1.9,3.2,906,17.214,28.992
24013509002,0,7.2,575,0,41.4
24013510000,2,3.5,363,7.26,12.705
24013511000,3.9,5.5,814,31.746,44.77
24013512000,15.3,17,443,67.779,75.31
24013513001,2.1,3.2,1320,27.72,42.24
24013513002,4.2,5.3,1536,64.512,81.408
24013514100,6.9,6.2,964,66.516,59.768
24013514201,4.6,4.3,1181,54.326,50.783
24013514202,3.8,3.9,765,29.07,29.835
24015030100,13.6,11.3,964,131.104,108.932
24015030200,24.1,23.8,997,240.277,237.286
24015030400,46.4,19.4,882,409.248,171.108
24015030501,2.1,3.5,1088,22.848,38.08
24015030503,12.9,12.9,1916,247.164,247.164
24015030505,42,20.9,954,400.68,199.386
24015030507,34.7,20.8,726,251.922,151.008
24015030508,32,18.8,1160,371.2,218.08
24015030601,1.2,2.2,841,10.092,18.502
24015030602,22.7,17.8,1030,233.81,183.34
24015030700,5.6,5.2,1242,69.552,64.584
24015030903,31.1,21.9,1660,516.26,363.54
24015030904,6.3,7.9,1360,85.68,107.44
24015030905,4.7,5.8,602,28.294,34.916
24015030907,4.7,5.6,1179,55.413,66.024
24015030908,6,7.6,1408,84.48,107.008
24015031201,7.9,7.2,1196,94.484,86.112
24015031202,13,10.5,1170,152.1,122.85
24015031301,14.3,17.9,623,89.089,111.517
24015031302,2.1,3.3,1743,36.603,57.519
24015031400,9.2,10,595,54.74,59.5
24017850101,0.5,0.8,2192,10.96,17.536
24017850102,5.1,5.6,375,19.125,21
24017850201,0,16.5,251,0,41.415
24017850202,1.4,2.2,1030,14.42,22.66
24017850300,6.6,9.7,303,19.998,29.391
24017850400,21.5,25.2,656,141.04,165.312
24017850500,0,5.6,731,0,40.936
24017850600,1.9,3,890,16.91,26.7
24017850706,2.4,3.8,1168,28.032,44.384
24017850708,2.2,3.5,1377,30.294,48.195
24017850709,1.2,1.8,1738,20.856,31.284
24017850710,5.6,5.2,1602,89.712,83.304
24017850711,3.4,3.6,1282,43.588,46.152
24017850712,21,21.1,1479,310.59,312.069
24017850713,5.4,5.9,2738,147.852,161.542
24017850801,0,4.3,974,0,41.882
24017850802,13.6,11.4,1580,214.88,180.12
24017850901,18,16.6,1841,331.38,305.606
24017850902,11.3,8.8,1262,142.606,111.056
24017850904,7,7.8,3741,261.87,291.798
24017850905,4.2,7,845,35.49,59.15
24017850906,5.1,5.6,1445,73.695,80.92
24017851001,0,6.4,645,0,41.28
24017851003,1.3,1.9,1005,13.065,19.095
24017851004,13.9,13,1062,147.618,138.06
24017851100,0,7.4,552,0,40.848
24017851200,0,4.1,1016,0,41.656
24017851301,12,10.9,1504,180.48,163.936
24017851302,1.2,2.1,1028,12.336,21.588
24017851401,27,31,682,184.14,211.42
24017851402,0,5.6,732,0,40.992
24017851403,6.1,7.9,362,22.082,28.598
24017851501,0,4,1039,0,41.56
24017851502,6.7,7.4,1595,106.865,118.03
24017990000,,,0,,
24019970100,3.7,3.7,771,28.527,28.527
24019970200,16,13,1245,199.2,161.85
24019970300,7.3,6.3,1031,75.263,64.953
24019970400,16,15,512,81.92,76.8
24019970500,71.7,15.7,1129,809.493,177.253
24019970600,39.8,26.7,1003,399.194,267.801
24019970702,31.5,21.2,577,181.755,122.324
24019970804,34.2,23.2,325,111.15,75.4
24019970900,36.4,30.5,272,99.008,82.96
24019990000,,,0,,
24021740200,0,3.6,1170,0,42.12
24021750100,31.1,26.8,196,60.956,52.528
24021750200,52.7,27.3,243,128.061,66.339
24021750300,5.6,10.3,289,16.184,29.767
24021750504,32.7,17.7,1274,416.598,225.498
24021750505,10.8,15,1784,192.672,267.6
24021750506,3.1,3.3,1603,49.693,52.899
24021750507,0,4.1,1016,0,41.656
24021750508,20.2,15.9,1747,352.894,277.773
24021750600,0,10.3,392,0,40.376
24021750701,19,15.1,1149,218.31,173.499
24021750702,11.7,13.7,765,89.505,104.805
24021750801,0,7.3,561,0,40.953
24021750802,4.5,8,1073,48.285,85.84
24021750804,0,5.4,763,0,41.202
24021750805,1.2,1.7,896,10.752,15.232
24021751001,21.9,13.6,706,154.614,96.016
24021751002,25,16,1355,338.75,216.8
24021751003,22.9,17.3,1615,369.835,279.395
24021751004,8.2,8.9,1276,104.632,113.564
24021751201,3.3,3.5,1715,56.595,60.025
24021751202,18,19,1539,277.02,292.41
24021751203,0,10.9,369,0,40.221
24021751301,12,12.9,1227,147.24,158.283
24021751302,4.6,6.9,548,25.208,37.812
24021751600,8.3,8.5,569,47.227,48.365
24021751701,7.3,10.6,644,47.012,68.264
24021751702,0,4.9,846,0,41.454
24021751801,2.7,3.7,1532,41.364,56.684
24021751802,0,3.9,1081,0,42.159
24021751902,0,3.4,1274,0,43.316
24021751903,5.8,6.4,1446,83.868,92.544
24021751904,3.4,4,1551,52.734,62.04
24021751905,0,2.8,1515,0,42.42
24021751906,0,6.6,634,0,41.844
24021752001,0,3.1,1376,0,42.656
24021752101,0,4.3,964,0,41.452
24021752102,0,2.2,1929,0,42.438
24021752201,0,8,528,0,42.24
24021752202,1,1.7,1272,12.72,21.624
24021752205,0,3.4,1240,0,42.16
24021752206,1.4,2.5,2566,35.924,64.15
24021752301,7.5,9.8,1874,140.55,183.652
24021752302,0,5.8,710,0,41.18
24021752303,1.2,3.2,896,10.752,28.672
24021752501,20,20.4,1181,236.2,240.924
24021752502,3.7,5.2,436,16.132,22.672
24021752601,0,4,1042,0,41.68
24021752602,0,9.6,427,0,40.992
24021752603,0,2.7,1545,0,41.715
24021752801,0,10.5,381,0,40.005
24021752802,3.8,3.7,1086,41.268,40.182
24021752900,3.6,10.3,688,24.768,70.864
24021753001,15.2,11,953,144.856,104.83
24021753002,14.7,16.8,487,71.589,81.816
24021765100,3.4,5.2,917,31.178,47.684
24021766800,1.5,2.3,728,10.92,16.744
24021767500,3.6,5.3,502,18.072,26.606
24021767600,10.5,11.2,714,74.97,79.968
24021770700,1,1.6,626,6.26,10.016
24021772200,77.4,21.2,298,230.652,63.176
24021773500,1.5,2.6,935,14.025,24.31
24021775302,0,2.5,1694,0,42.35
24021775400,9,10.4,638,57.42,66.352
24021775600,1,1.5,2000,20,30
24023000100,13.6,8.5,777,105.672,66.045
24023000200,16.8,10.8,700,117.6,75.6
24023000300,11,13.8,345,37.95,47.61
24023000400,19.9,13.7,630,125.37,86.31
24023000501,0.4,1.4,226,0.904,3.164
24023000502,6.1,6.6,327,19.947,21.582
24023000601,12,7.5,715,85.8,53.625
24023000602,2.6,4.2,234,6.084,9.828
24023000700,16.3,11,1121,182.723,123.31
24025301102,18.4,20.3,1042,191.728,211.526
24025301105,1.2,2,933,11.196,18.66
24025301106,2,2.5,1179,23.58,29.475
24025301107,27.7,23.1,596,165.092,137.676
24025301108,0,3.8,1114,0,42.332
24025301201,3.3,5.5,363,11.979,19.965
24025301202,4.1,6.5,2009,82.369,130.585
24025301204,0,4,1047,0,41.88
24025301205,4.8,7.3,748,35.904,54.604
24025301301,0,4.5,930,0,41.85
24025301302,29,19.3,2753,798.37,531.329
24025301401,3.5,4.9,1280,44.8,62.72
24025301402,23.5,17,599,140.765,101.83
24025301601,9.5,11.3,1935,183.825,218.655
24025301602,4,6.5,1523,60.92,98.995
24025301703,18.3,12.4,939,171.837,116.436
24025301704,8.8,8.8,668,58.784,58.784
24025301705,0,8.3,493,0,40.919
24025301706,6.5,12.9,740,48.1,95.46
24025301707,0,7.8,522,0,40.716
24025302100,4.4,6.6,479,21.076,31.614
24025302200,0,8.2,499,0,40.918
24025302400,10.3,8.4,1258,129.574,105.672
24025302801,4.5,7.2,561,25.245,40.392
24025302802,15.9,13.5,1355,215.445,182.925
24025302901,38.7,26.4,955,369.585,252.12
24025302902,18.5,12.9,752,139.12,97.008
24025303101,1.6,2.5,1728,27.648,43.2
24025303102,1.3,1.9,621,8.073,11.799
24025303201,3.8,6.3,1452,55.176,91.476
24025303203,0,7.2,569,0,40.968
24025303204,2.1,2.3,1080,22.68,24.84
24025303205,1.3,2.1,769,9.997,16.149
24025303206,5.1,6,995,50.745,59.7
24025303300,0,2.6,1650,0,42.9
24025303400,11,11.9,990,108.9,117.81
24025303501,4.2,5.5,1924,80.808,105.82
24025303502,0,5,833,0,41.65
24025303602,0,4.6,910,0,41.86
24025303603,1.9,3.3,2573,48.887,84.909
24025303605,9.9,8.8,1282,126.918,112.816
24025303606,4.1,4.8,857,35.137,41.136
24025303700,0,6.2,665,0,41.23
24025303801,34.2,24.8,386,132.012,95.728
24025303802,2.5,3.6,201,5.025,7.236
24025303803,5.1,8.3,850,43.35,70.55
24025303900,1.6,2.8,431,6.896,12.068
24025304101,2.6,3.6,1114,28.964,40.104
24025304102,2.4,4.1,918,22.032,37.638
24025304201,0,2.9,1467,0,42.543
24025304202,0,3.8,1096,0,41.648
24025305100,6,6.5,1533,91.98,99.645
24025305200,22.7,28.9,450,102.15,130.05
24025305300,27.1,23.3,454,123.034,105.782
24025306100,25.6,23.7,429,109.824,101.673
24025306200,29.4,21.9,530,155.82,116.07
24025306300,28.9,31.3,602,173.978,188.426
24025306400,1.5,2.4,1566,23.49,37.584
24025306500,0,7.1,580,0,41.18
24027601103,4.9,7,1641,80.409,114.87
24027601104,0,2.4,1765,0,42.36
24027601105,10.1,8.3,1653,166.953,137.199
24027601107,14.5,12.4,1316,190.82,163.184
24027601108,4.9,13.5,783,38.367,105.705
24027601203,13.1,11.4,2975,389.725,339.15
24027601204,15.9,14.4,1837,292.083,264.528
24027601205,8.5,8.2,1148,97.58,94.136
24027601206,0,3.9,1080,0,42.12
24027602100,3,4.8,2786,83.58,133.728
24027602201,2.8,3.9,1020,28.56,39.78
24027602202,2.1,2.7,1628,34.188,43.956
24027602302,2.1,3.4,1481,31.101,50.354
24027602303,2.2,2.6,1078,23.716,28.028
24027602304,0,3.4,1238,0,42.092
24027602305,2.3,3.8,1245,28.635,47.31
24027602306,2.1,3.3,1088,22.848,35.904
24027602600,1,1.5,2117,21.17,31.755
24027602700,3.7,3.8,1461,54.057,55.518
24027602800,2.3,4.1,1387,31.901,56.867
24027602900,1.9,3.1,1049,19.931,32.519
24027603001,0.6,1,1235,7.41,12.35
24027603003,1.4,2.1,1315,18.41,27.615
24027603004,0.1,0.8,1780,1.78,14.24
24027604001,0,2.5,1689,0,42.225
24027604003,1.3,2,1116,14.508,22.32
24027604004,1.9,2.8,1402,26.638,39.256
24027605103,0.3,0.6,1440,4.32,8.64
24027605104,0.3,0.6,1881,5.643,11.286
24027605105,0,1.9,2278,0,43.282
24027605106,1.9,2.1,1167,22.173,24.507
24027605401,4.1,5.9,997,40.877,58.823
24027605403,10.1,10.8,622,62.822,67.176
24027605404,0,15.6,304,0,47.424
24027605502,2.5,3.3,787,19.675,25.971
24027605503,26,20,1247,324.22,249.4
24027605504,0,7.3,558,0,40.734
24027605505,0,2.3,1823,0,41.929
24027605601,20,20.5,1443,288.6,295.815
24027605602,1.8,2.6,1657,29.826,43.082
24027606601,0,6.6,624,0,41.184
24027606603,18.3,14,1908,349.164,267.12
24027606604,12.6,10.9,1241,156.366,135.269
24027606606,24.4,15,1196,291.824,179.4
24027606607,2,2.9,981,19.62,28.449
24027606701,20.8,22.3,648,134.784,144.504
24027606704,5.3,6.5,1443,76.479,93.795
24027606706,0,4.5,940,0,42.3
24027606708,20,17.6,1392,278.4,244.992
24027606803,4.6,6.9,1320,60.72,91.08
24027606804,0,7.6,599,0,45.524
24027606805,0,3.5,1191,0,41.685
24027606807,0,7.2,565,0,40.68
24027606808,0,2.5,1752,0,43.8
24027606901,8.1,7.1,1711,138.591,121.481
24027606904,3.4,3.8,968,32.912,36.784
24027606905,13.5,17,1841,248.535,312.97
24027606906,0.7,1.1,1866,13.062,20.526
24027606907,15.2,15.5,1214,184.528,188.17
24029950100,13.2,11.7,820,108.24,95.94
24029950200,7.5,9.9,724,54.3,71.676
24029950300,18,11.1,902,162.36,100.122
24029950400,32.9,25.5,233,76.657,59.415
24029950500,18.2,13.6,310,56.42,42.16
24029990000,,,0,,
24031700101,0,4.5,966,0,43.47
24031700103,0,4.9,837,0,41.013
24031700104,13.3,11.5,1234,164.122,141.91
24031700105,2.6,4.3,2017,52.442,86.731
24031700204,23.2,28.3,359,83.288,101.597
24031700206,0,3.1,1328,0,41.168
24031700207,9.1,8.5,1558,141.778,132.43
24031700208,2,1.9,653,13.06,12.407
24031700209,1,1.8,806,8.06,14.508
24031700210,7.9,7,2794,220.726,195.58
24031700306,1.8,3,2164,38.952,64.92
24031700308,5.6,9,1521,85.176,136.89
24031700309,22.5,15.5,1544,347.4,239.32
24031700310,16.2,18.1,1207,195.534,218.467
24031700313,0,6,684,0,41.04
24031700314,0,5.8,713,0,41.354
24031700315,5.9,6,1763,104.017,105.78
24031700316,0,4,1040,0,41.6
24031700317,6.7,6.3,2204,147.668,138.852
24031700318,4.8,6,1197,57.456,71.82
24031700400,0.4,1.2,556,2.224,6.672
24031700500,8.1,6.5,1525,123.525,99.125
24031700604,0,2.6,1636,0,42.536
24031700606,0,4.4,948,0,41.712
24031700608,0.9,1.4,1235,11.115,17.29
24031700610,1.6,2.6,366,5.856,9.516
24031700611,2.2,3.1,1210,26.62,37.51
24031700613,3.7,4.2,1395,51.615,58.59
24031700614,2.5,3,1428,35.7,42.84
24031700615,4.8,4.2,715,34.32,30.03
24031700616,0,4,1041,0,41.64
24031700617,12.3,15.7,357,43.911,56.049
24031700618,1.1,1.6,1115,12.265,17.84
24031700706,2.1,4.3,1119,23.499,48.117
24031700710,0,2.8,1553,0,43.484
24031700711,2.9,2.9,1533,44.457,44.457
24031700713,46.6,17.8,1233,574.578,219.474
24031700715,11.7,11.4,1773,207.441,202.122
24031700718,13.3,15.3,815,108.395,124.695
24031700720,15.7,17.2,797,125.129,137.084
24031700721,40.9,25.3,725,296.525,183.425
24031700723,0,7.1,742,0,52.682
24031700724,15.3,17.1,1049,160.497,179.379
24031700725,5.9,9.5,2206,130.154,209.57
24031700726,15,21.8,455,68.25,99.19
24031700727,28.8,25.9,664,191.232,171.976
24031700728,7.1,11.3,311,22.081,35.143
24031700729,25.6,15,732,187.392,109.8
24031700730,12.8,9.9,1201,153.728,118.899
24031700731,43.6,27,780,340.08,210.6
24031700732,39.1,24.6,657,256.887,161.622
24031700733,0.7,1.3,957,6.699,12.441
24031700810,2.8,4.7,1223,34.244,57.481
24031700811,22.3,19.2,962,214.526,184.704
24031700812,13.9,12.9,930,129.27,119.97
24031700813,4.2,7,1175,49.35,82.25
24031700815,20.6,16.6,1628,335.368,270.248
24031700818,24.1,14.3,1712,412.592,244.816
24031700819,10.1,15.2,1432,144.632,217.664
24031700820,8.1,10,913,73.953,91.3
24031700822,53.2,24.5,355,188.86,86.975
24031700823,16.5,13.9,917,151.305,127.463
24031700824,5.2,7.7,643,33.436,49.511
24031700826,0.5,1,1189,5.945,11.89
24031700828,0,8.9,456,0,40.584
24031700829,1,1.6,611,6.11,9.776
24031700830,15.9,14.1,686,109.074,96.726
24031700832,23.4,14.8,790,184.86,116.92
24031700833,38.1,19.7,984,374.904,193.848
24031700834,37,32.4,1551,573.87,502.524
24031700835,5.6,8.3,925,51.8,76.775
24031700836,0,11.5,348,0,40.02
24031700837,10.6,9.4,1808,191.648,169.952
24031700838,0,9.6,509,0,48.864
24031700839,20.8,15.9,760,158.08,120.84
24031700901,0,13.4,295,0,39.53
24031700902,1.4,2.3,831,11.634,19.113
24031700903,19,15.9,463,87.97,73.617
24031700904,9.1,15.1,701,63.791,105.851
24031700905,3.4,3.4,1344,45.696,45.696
24031701001,14.5,10.6,1358,196.91,143.948
24031701002,0,5.2,802,0,41.704
24031701004,7.9,10.2,1235,97.565,125.97
24031701005,1.9,2.2,793,15.067,17.446
24031701006,1.7,2.2,1603,27.251,35.266
24031701007,5.2,7.2,786,40.872,56.592
24031701101,1.2,2.1,753,9.036,15.813
24031701102,17.1,16.7,1026,175.446,171.342
24031701201,8.7,9,881,76.647,79.29
24031701202,1.8,2.3,654,11.772,15.042
24031701205,0,2,2068,0,41.36
24031701206,0,2.5,1724,0,43.1
24031701210,0,3.9,1066,0,41.574
24031701211,1.5,3.4,1233,18.495,41.922
24031701212,0,7.7,531,0,40.887
24031701214,0,5.2,795,0,41.34
24031701215,8.1,12.5,667,54.027,83.375
24031701216,7.9,11.5,699,55.221,80.385
24031701218,0,12.2,326,0,39.772
24031701219,11.8,10.7,1110,130.98,118.77
24031701220,0,4.6,909,0,41.814
24031701221,12,10.8,765,91.8,82.62
24031701222,4.4,6.9,632,27.808,43.608
24031701223,9.8,15.4,437,42.826,67.298
24031701303,0,5.1,808,0,41.208
24031701304,14.1,10.6,1926,271.566,204.156
24031701306,1.2,1.8,598,7.176,10.764
24031701307,8.2,10.5,1347,110.454,141.435
24031701308,0,3.6,1167,0,42.012
24031701312,0.9,1.6,1878,16.902,30.048
24031701313,7.5,9.6,1017,76.275,97.632
24031701314,0,6.2,671,0,41.602
24031701315,7.8,10.6,925,72.15,98.05
24031701316,0,2.8,1481,0,41.468
24031701317,0,4.3,959,0,41.237
24031701407,1.7,2.5,1224,20.808,30.6
24031701408,2.8,2.9,1271,35.588,36.859
24031701409,0,7.1,676,0,47.996
24031701414,12.4,16.6,1490,184.76,247.34
24031701415,10,12.6,1951,195.1,245.826
24031701417,8.8,9.7,1792,157.696,173.824
24031701418,6.5,6.6,830,53.95,54.78
24031701422,9.9,12.6,698,69.102,87.948
24031701423,21.2,15.3,1267,268.604,193.851
24031701424,12.6,12.8,981,123.606,125.568
24031701425,4.6,5.7,608,27.968,34.656
24031701426,7.9,7.7,1336,105.544,102.872
24031701427,0,4.7,885,0,41.595
24031701503,10.2,11.8,1447,147.594,170.746
24031701505,28.2,18.5,1775,500.55,328.375
24031701506,8.5,7.9,802,68.17,63.358
24031701507,0.7,1.1,1220,8.54,13.42
24031701508,8.9,9.2,1494,132.966,137.448
24031701509,29.4,15.5,1777,522.438,275.435
24031701601,34.8,23.6,538,187.224,126.968
24031701602,27.8,15.6,2536,705.008,395.616
24031701701,6,5.4,794,47.64,42.876
24031701702,4.8,4.6,645,30.96,29.67
24031701703,5.9,9,1205,71.095,108.45
24031701704,4.9,6.1,919,45.031,56.059
24031701800,16.3,14.7,1184,192.992,174.048
24031701900,59.3,24,642,380.706,154.08
24031702000,18,13.7,1583,284.94,216.871
24031702101,25.9,16.1,1790,463.61,288.19
24031702102,0,4.5,915,0,41.175
24031702200,0,4.5,924,0,41.58
24031702301,17.9,13.3,951,170.229,126.483
24031702302,7.5,7.3,921,69.075,67.233
24031702401,1.9,2.9,622,11.818,18.038
24031702402,1.9,3.2,833,15.827,26.656
24031702501,0,9.3,434,0,40.362
24031702502,5,8.4,201,10.05,16.884
24031702503,20.6,23.9,301,62.006,71.939
24031702602,4.8,4.7,743,35.664,34.921
24031702603,33.3,28.1,423,140.859,118.863
24031702604,39.7,53.3,234,92.898,124.722
24031702700,13,12.2,2389,310.57,291.458
24031702800,0,4.5,932,0,41.94
24031702900,0,3.6,1151,0,41.436
24031703000,18.7,21.3,432,80.784,92.016
24031703100,5.1,5.3,1202,61.302,63.706
24031703201,1.5,2.5,1798,26.97,44.95
24031703202,3.1,3.5,1678,52.018,58.73
24031703206,0,5.7,724,0,41.268
24031703207,12.5,6.7,1887,235.875,126.429
24031703208,11.6,10.9,1688,195.808,183.992
24031703209,27.1,20,1336,362.056,267.2
24031703210,2.6,4.1,584,15.184,23.944
24031703213,21.6,13.3,1856,400.896,246.848
24031703214,27.3,15.3,2372,647.556,362.916
24031703215,11.1,15.4,936,103.896,144.144
24031703216,0,13.2,344,0,45.408
24031703218,0,87.6,15,0,13.14
24031703219,0,75.8,20,0,15.16
24031703220,0,5.4,782,0,42.228
24031703221,2.2,3.3,982,21.604,32.406
24031703222,26.6,18.6,1413,375.858,262.818
24031703223,0,2.2,1944,0,42.768
24031703301,4.4,3.9,1426,62.744,55.614
24031703302,15.3,12.2,1402,214.506,171.044
24031703401,5.1,7.4,1329,67.779,98.346
24031703402,3.6,5.5,635,22.86,34.925
24031703403,18.2,14.4,600,109.2,86.4
24031703404,31.4,16.3,853,267.842,139.039
24031703501,17.7,15.3,1202,212.754,183.906
24031703502,0,6.2,669,0,41.478
24031703601,0.8,1.5,954,7.632,14.31
24031703602,6.6,7.7,500,33,38.5
24031703701,43.9,26.7,942,413.538,251.514
24031703702,12.7,13.9,970,123.19,134.83
24031703800,11.8,12.1,727,85.786,87.967
24031703901,6,8.4,891,53.46,74.844
24031703902,27,21.5,2347,633.69,504.605
24031704000,6.6,12.9,1623,107.118,209.367
24031704100,0,3.2,1312,0,41.984
24031704200,6.7,7.5,715,47.905,53.625
24031704300,6,8.9,1260,75.6,112.14
24031704401,1.4,2.2,837,11.718,18.414
24031704403,0,29.4,118,0,34.692
24031704404,0,2.2,1901,0,41.822
24031704501,0,5.1,817,0,41.667
24031704502,4.8,5.4,980,47.04,52.92
24031704503,4,3.9,1302,52.08,50.778
24031704600,0,3.1,1367,0,42.377
24031704700,0,5.4,759,0,40.986
24031704803,15.3,18.5,914,139.842,169.09
24031704804,12.7,12.7,292,37.084,37.084
24031704805,20.3,22.3,236,47.908,52.628
24031704806,7.1,12.4,517,36.707,64.108
24031705000,7.3,4.7,867,63.291,40.749
24031705100,0,3.2,1325,0,42.4
24031705200,3.5,4.1,866,30.31,35.506
24031705300,0.6,1,490,2.94,4.9
24031705400,1,1.5,705,7.05,10.575
24031705501,0,13.3,297,0,39.501
24031705502,5,6.6,837,41.85,55.242
24031705601,0,4,1028,0,41.12
24031705602,0,14,282,0,39.48
24031705701,0,3.3,1279,0,42.207
24031705702,2.3,3.6,1195,27.485,43.02
24031705800,0.1,0.3,1559,1.559,4.677
24031705901,1.5,2.3,1052,15.78,24.196
24031705902,0.9,1.5,1094,9.846,16.41
24031705903,4.6,6.1,1192,54.832,72.712
24031706005,1.4,2.5,901,12.614,22.525
24031706007,3.1,5.8,1371,42.501,79.518
24031706008,0.9,1.6,1275,11.475,20.4
24031706009,6,7.5,1270,76.2,95.25
24031706010,1.9,3,632,12.008,18.96
24031706011,0.6,0.9,1551,9.306,13.959
24031706012,10.3,16,281,28.943,44.96
24031706013,0,4.7,877,0,41.219
24033800102,24.6,21.7,297,73.062,64.449
24033800103,16,22.1,393,62.88,86.853
24033800105,10.8,13.9,676,73.008,93.964
24033800106,2.3,2.9,871,20.033,25.259
24033800108,7.8,9,928,72.384,83.52
24033800109,30.2,22,1227,370.554,269.94
24033800203,1.7,2.1,1205,20.485,25.305
24033800206,22.1,14.9,863,190.723,128.587
24033800209,18.1,15.9,1182,213.942,187.938
24033800210,0.7,1.8,1297,9.079,23.346
24033800211,12.1,14.3,726,87.846,103.818
24033800212,0,2.6,1634,0,42.484
24033800213,10,13.4,913,91.3,122.342
24033800216,0.9,1.8,746,6.714,13.428
24033800217,2.9,3.7,839,24.331,31.043
24033800218,39.1,24.5,2324,908.684,569.38
24033800401,0.7,2.1,469,3.283,9.849
24033800402,0,3.7,1121,0,41.477
24033800403,0,4.4,961,0,42.284
24033800408,3.8,4.7,1362,51.756,64.014
24033800409,10.8,19,1480,159.84,281.2
24033800410,0.9,1.5,1408,12.672,21.12
24033800411,0,4.2,1040,0,43.68
24033800412,23.6,20.1,1404,331.344,282.204
24033800413,11.8,13.5,978,115.404,132.03
24033800504,3.2,5.3,952,30.464,50.456
24033800505,1.7,1.8,528,8.976,9.504
24033800507,9.5,12.2,399,37.905,48.678
24033800511,6.2,9.2,1201,74.462,110.492
24033800513,0,2.7,1613,0,43.551
24033800514,12.4,14.9,1966,243.784,292.934
24033800515,0,6,682,0,40.92
24033800516,4.5,7.2,667,30.015,48.024
24033800517,15.2,18.4,1027,156.104,188.968
24033800518,1.5,2.5,863,12.945,21.575
24033800519,1.8,2.9,1113,20.034,32.277
24033800520,0,9.5,437,0,41.515
24033800521,21.4,18.9,1131,242.034,213.759
24033800522,0,5.8,730,0,42.34
24033800605,2.8,3.3,900,25.2,29.7
24033800606,5,8.2,838,41.9,68.716
24033800607,0.7,1.1,1404,9.828,15.444
24033800608,2,2.8,2225,44.5,62.3
24033800609,14.2,13.2,722,102.524,95.304
24033800701,0,2.4,1845,0,44.28
24033800704,5.2,8.7,1139,59.228,99.093
24033800705,2.2,3.5,1040,22.88,36.4
24033800706,9.2,9.5,664,61.088,63.08
24033800707,0.7,1.2,702,4.914,8.424
24033800800,0,8.9,473,0,42.097
24033800900,21.5,26.2,460,98.9,120.52
24033801003,13.7,18.1,1316,180.292,238.196
24033801004,1.6,2.4,1074,17.184,25.776
24033801005,0,7,604,0,42.28
24033801006,0,3.5,1188,0,41.58
24033801105,8.3,10,448,37.184,44.8
24033801106,3.3,4.6,695,22.935,31.97
24033801207,6.7,6.8,893,59.831,60.724
24033801208,1.2,2.2,1105,13.26,24.31
24033801209,7,8,785,54.95,62.8
24033801210,1.4,3.4,514,7.196,17.476
24033801211,0,15.7,248,0,38.936
24033801212,3.1,4.7,941,29.171,44.227
24033801213,0,4.8,1111,0,53.328
24033801214,8.4,10,692,58.128,69.2
24033801215,4.9,4.2,655,32.095,27.51
24033801216,16.5,17.4,562,92.73,97.788
24033801217,16.6,11,573,95.118,63.03
24033801302,5,8.7,895,44.75,77.865
24033801305,0,5.5,826,0,45.43
24033801307,11.4,11.3,742,84.588,83.846
24033801308,3.3,5.6,817,26.961,45.752
24033801309,27.3,28.9,670,182.91,193.63
24033801310,7.3,11.1,2328,169.944,258.408
24033801311,6.7,8.4,1188,79.596,99.792
24033801312,5.9,9.2,1140,67.26,104.88
24033801313,0,5.8,761,0,44.138
24033801404,14.1,22.5,989,139.449,222.525
24033801405,7.7,11.7,1009,77.693,118.053
24033801406,4.4,8.6,250,11,21.5
24033801407,3.9,6.2,1747,68.133,108.314
24033801408,7.2,10,573,41.256,57.3
24033801409,0,9.4,445,0,41.83
24033801410,0,10.8,407,0,43.956
24033801411,7.1,13.6,436,30.956,59.296
24033801500,8.8,9.7,464,40.832,45.008
24033801600,5.1,7.3,884,45.084,64.532
24033801701,29.8,25.3,1019,303.662,257.807
24033801702,0,3.8,1106,0,42.028
24033801704,0,5.5,747,0,41.085
24033801707,9.6,10.6,1485,142.56,157.41
24033801709,58.2,33.5,1438,836.916,481.73
24033801801,46.8,30.3,406,190.008,123.018
24033801802,0,6.9,595,0,41.055
24033801807,4.7,6.5,1552,72.944,100.88
24033801808,26.8,25.4,579,155.172,147.066
24033801809,15.4,17.9,637,98.098,114.023
24033801901,15.9,17.8,1053,167.427,187.434
24033801904,10.8,14,406,43.848,56.84
24033801905,34.3,33.2,825,282.975,273.9
24033801906,12.1,12.4,476,57.596,59.024
24033801907,7,11.7,345,24.15,40.365
24033801908,14.6,19.9,500,73,99.5
24033802001,53.5,29.3,557,297.995,163.201
24033802002,1.7,3.3,411,6.987,13.563
24033802103,9.5,14.5,687,65.265,99.615
24033802104,36.1,22.1,443,159.923,97.903
24033802106,36.3,19.6,1355,491.865,265.58
24033802107,11.1,14.5,986,109.446,142.97
24033802201,13,16.3,1432,186.16,233.416
24033802203,23.8,30,1183,281.554,354.9
24033802204,2.1,3.8,915,19.215,34.77
24033802301,35.2,26.1,556,195.712,145.116
24033802404,27.1,30.5,1217,329.807,371.185
24033802405,0.8,5.4,488,3.904,26.352
24033802406,20.3,27,503,102.109,135.81
24033802407,0,11,374,0,41.14
24033802408,3.5,6,312,10.92,18.72
24033802501,61.3,32.3,638,391.094,206.074
24033802502,12.3,16.8,739,90.897,124.152
24033802600,19.9,31.3,880,175.12,275.44
24033802700,6.5,6.9,587,38.155,40.503
24033802803,28.2,21,1522,429.204,319.62
24033802804,2.6,4.7,1243,32.318,58.421
24033802805,2.9,3.9,1179,34.191,45.981
24033802901,18.9,20.6,916,173.124,188.696
24033803001,14.8,11.5,1092,161.616,125.58
24033803002,0,7.8,524,0,40.872
24033803100,45.1,38.9,862,388.762,335.318
24033803200,21.9,17,904,197.976,153.68
24033803300,0,3.7,1133,0,41.921
24033803403,40.4,24.4,1378,556.712,336.232
24033803508,36.4,15,1217,442.988,182.55
24033803509,36.9,18.7,1124,414.756,210.188
24033803512,3.6,5.3,1190,42.84,63.07
24033803513,10.5,17.4,1126,118.23,195.924
24033803514,13.3,20.6,746,99.218,153.676
24033803516,2.3,3.8,981,22.563,37.278
24033803519,1.2,2.2,1042,12.504,22.924
24033803520,15.6,22.1,779,121.524,172.159
24033803521,0,2.5,1704,0,42.6
24033803524,20.7,15.6,1689,349.623,263.484
24033803525,42.6,19.2,571,243.246,109.632
24033803526,0,8.2,497,0,40.754
24033803527,20.7,20,773,160.011,154.6
24033803528,1.9,3,1490,28.31,44.7
24033803601,0,4.8,866,0,41.568
24033803602,42.1,26.1,682,287.122,178.002
24033803605,25.4,18.8,2107,535.178,396.116
24033803606,17.9,24,1067,190.993,256.08
24033803607,7.2,9.3,975,70.2,90.675
24033803608,16,14.1,1575,252,222.075
24033803610,14.7,15.4,1207,177.429,185.878
24033803612,27.1,18.4,1087,294.577,200.008
24033803613,11.7,11.3,1886,220.662,213.118
24033803700,18.2,17.6,929,169.078,163.504
24033803801,8.5,6.4,886,75.31,56.704
24033803803,3.7,5.7,1507,55.759,85.899
24033803900,34.6,22.1,1568,542.528,346.528
24033804001,31,21.6,1549,480.19,334.584
24033804002,17.4,14.7,1783,310.242,262.101
24033804101,9.9,11.1,867,85.833,96.237
24033804102,15.8,14,1778,280.924,248.92
24033804200,4.1,6.7,518,21.238,34.706
24033804300,6.6,6.1,881,58.146,53.741
24033804400,11.5,7.8,532,61.18,41.496
24033804600,10.5,11.4,764,80.22,87.096
24033804700,0,5.4,766,0,41.364
24033804801,3.1,5.4,393,12.183,21.222
24033804802,9.4,10.2,927,87.138,94.554
24033804900,20.6,17.4,684,140.904,119.016
24033805000,5.6,7.6,924,51.744,70.224
24033805101,22.1,17.1,870,192.27,148.77
24033805201,4.3,3.8,1569,67.467,59.622
24033805202,18.2,16.6,1007,183.274,167.162
24033805500,24,16.5,1038,249.12,171.27
24033805601,52.1,17.2,2145,1117.545,368.94
24033805602,48.3,18,2537,1225.371,456.66
24033805700,16.2,10.4,2046,331.452,212.784
24033805801,12.8,11.4,883,113.024,100.662
24033805802,10.8,11.5,878,94.824,100.97
24033805904,28.2,21,878,247.596,184.38
24033805906,21.9,13.6,1281,280.539,174.216
24033805907,28.2,22.1,863,243.366,190.723
24033805908,22.2,29.5,543,120.546,160.185
24033805909,0,5,878,0,43.9
24033806000,25.3,20.8,1410,356.73,293.28
24033806100,0,3.1,1338,0,41.478
24033806400,0,7,583,0,40.81
24033806501,39,22.6,1494,582.66,337.644
24033806601,24.4,15,1501,366.244,225.15
24033806602,37.8,18,1799,680.022,323.82
24033806706,4.6,6,647,29.762,38.82
24033806708,0,15,261,0,39.15
24033806710,5.2,9,737,38.324,66.33
24033806711,8.6,7.1,1367,117.562,97.057
24033806712,49.2,40.3,904,444.768,364.312
24033806713,4.9,6.7,950,46.55,63.65
24033806714,40.9,21.8,2695,1102.255,587.51
24033806800,4.4,7.8,1046,46.024,81.588
24033806900,10,10.5,1180,118,123.9
24033807000,53.8,32.3,932,501.416,301.036
24033807102,0,7.4,556,0,41.144
24033807301,40.1,19.5,761,305.161,148.395
24033807304,4.7,5.1,452,21.244,23.052
24033807305,41.7,33.9,747,311.499,253.233
24033807404,10,14.8,1656,165.6,245.088
24033807405,7.9,8.2,1663,131.377,136.366
24033807407,20.1,18.4,1652,332.052,303.968
24033807408,17.5,10.8,1194,208.95,128.952
24033807409,20,14.2,1112,222.4,157.904
24033807410,41.5,20.5,749,310.835,153.545
24033807500,6.3,6.9,1242,78.246,85.698
24033980000,30,45.6,221,66.3,100.776
24035810100,9.1,11.9,778,70.798,92.582
24035810200,32.5,19.7,480,156,94.56
24035810300,7.3,5.8,1178,85.994,68.324
24035810400,0.7,1.1,1416,9.912,15.576
24035810500,11.9,9.1,1077,128.163,98.007
24035810600,5.3,7.9,946,50.138,74.734
24035810700,8,7.5,1078,86.24,80.85
24035810800,3.8,4.3,1142,43.396,49.106
24035810901,2.3,3.7,1237,28.451,45.769
24035810902,0,6,685,0,41.1
24035811000,16.2,18.4,909,147.258,167.256
24035990000,,,0,,
24035990100,,,0,,
24035990200,,,0,,
24037875000,0.5,2.4,1744,8.72,41.856
24037875100,26.4,19.2,1295,341.88,248.64
24037875201,0,3,1411,0,42.33
24037875202,7,6.9,1680,117.6,115.92
24037875300,0,8.8,460,0,40.48
24037875400,0,2.5,1692,0,42.3
24037875501,1.8,2.2,2303,41.454,50.666
24037875502,0,3,1373,0,41.19
24037875601,6.6,5.8,716,47.256,41.528
24037875602,2,2.4,1826,36.52,43.824
24037875700,11.5,14,1716,197.34,240.24
24037875803,0,3.2,1319,0,42.208
24037875903,39.9,19.9,766,305.634,152.434
24037875904,20.3,17.8,822,166.866,146.316
24037875905,40.6,18.3,499,202.594,91.317
24037875906,14.5,15.4,1090,158.05,167.86
24037876001,10.4,9.3,1235,128.44,114.855
24037876003,5.7,6.2,1115,63.555,69.13
24037876004,12.1,13.1,1726,208.846,226.106
24037876101,8,8.3,1057,84.56,87.731
24037876102,0,8.5,480,0,40.8
24037876200,24.2,19.3,1224,296.208,236.232
24037990000,,,0,,
24039930101,20.2,17.7,1315,265.63,232.755
24039930102,8.4,7.3,1031,86.604,75.263
24039930200,16.2,14.9,246,39.852,36.654
24039930500,7.8,10.1,671,52.338,67.771
24039930600,25,19.7,723,180.75,142.431
24039930800,5,7.8,350,17.5,27.3
24039990100,,,0,,
24041960100,11.6,14.3,863,100.108,123.409
24041960201,7.6,13.2,497,37.772,65.604
24041960300,28.8,19.1,995,286.56,190.045
24041960400,8.3,8.1,1532,127.156,124.092
24041960501,4.4,12.8,813,35.772,104.064
24041960502,18.8,16,601,112.988,96.16
24041960600,6.9,11,334,23.046,36.74
24041960700,0,10.5,405,0,42.525
24041960800,18.8,19.3,239,44.932,46.127
24041960900,4.7,6.3,766,36.002,48.258
24041990000,,,0,,
24043000100,20.5,18.2,886,181.63,161.252
24043000200,11.6,13.6,753,87.348,102.408
24043000301,7.2,6.6,797,57.384,52.602
24043000302,26.2,22.2,1082,283.484,240.204
24043000400,55.3,33.1,542,299.726,179.402
24043000500,43,23.7,1678,721.54,397.686
24043000601,19,17,355,67.45,60.35
24043000602,0,11.2,359,0,40.208
24043000700,45.3,23.3,931,421.743,216.923
24043000800,66.1,16.5,811,536.071,133.815
24043000900,56.5,25.6,782,441.83,200.192
24043001001,24.2,16.3,1126,272.492,183.538
24043001002,20.2,15.1,880,177.76,132.88
24043010100,0,14.1,283,0,39.903
24043010200,11,11.2,846,93.06,94.752
24043010300,4.9,5.3,1747,85.603,92.591
24043010401,2,2.6,1122,22.44,29.172
24043010402,16.3,11.7,1740,283.62,203.58
24043010600,0.7,1.1,1436,10.052,15.796
24043010700,32.7,21.4,539,176.253,115.346
24043010802,13.8,11.1,464,64.032,51.504
24043010803,3.2,3.6,792,25.344,28.512
24043010901,1,1.6,1680,16.8,26.88
24043010902,0,7.5,545,0,40.875
24043011000,,,7,,
24043011100,8.4,11.4,979,82.236,111.606
24043011202,28.8,18,1360,391.68,244.8
24043011203,25.1,13.8,1445,362.695,199.41
24043011204,7.3,8,979,71.467,78.32
24043011301,13,8.2,1239,161.07,101.598
24043011302,0,6.1,679,0,41.419
24043011400,3.5,4.8,1313,45.955,63.024
24043011501,4.1,5.2,1215,49.815,63.18
24043011502,0,6,765,0,45.9
24043011600,0,11.5,346,0,39.79
24043011700,21.6,19.6,1367,295.272,267.932
24045000100,30.4,16.6,1541,468.464,255.806
24045000200,27.9,20.2,433,120.807,87.466
24045000300,43.9,41,458,201.062,187.78
24045000400,18.2,18.8,740,134.68,139.12
24045000500,46,19.4,793,364.78,153.842
24045010101,18.8,15.2,1870,351.56,284.24
24045010102,14.3,11.1,764,109.252,84.804
24045010200,0,3.5,1188,0,41.58
24045010300,39.2,22.2,1908,747.936,423.576
24045010400,5.7,7,1960,111.72,137.2
24045010501,27.1,19.5,1386,375.606,270.27
24045010503,4.4,7.7,556,24.464,42.812
24045010504,5.4,24.3,479,25.866,116.397
24045010603,4.7,4.9,1835,86.245,89.915
24045010604,19.5,11.1,1254,244.53,139.194
24045010605,5.1,4.8,1381,70.431,66.288
24045010606,4.7,5.9,651,30.597,38.409
24045010701,7.1,4.7,1015,72.065,47.705
24045010703,12,12.9,1031,123.72,132.999
24045010704,12.5,10.4,1229,153.625,127.816
24045010800,6.3,7.8,1172,73.836,91.416
24047950000,49.4,38.2,241,119.054,92.062
24047950100,41.1,44.2,160,65.76,70.72
24047950300,2.8,9.1,249,6.972,22.659
24047950400,7.2,8,783,56.376,62.64
24047950600,6,9,318,19.08,28.62
24047950700,0,12.3,362,0,44.526
24047950800,5.4,8.1,832,44.928,67.392
24047950900,20,23.9,437,87.4,104.443
24047951000,20.6,10,1237,254.822,123.7
24047951101,4.8,6.1,459,22.032,27.999
24047951102,42,42.4,436,183.12,184.864
24047951200,10.9,15.9,555,60.495,88.245
24047951300,16.1,10.7,805,129.605,86.135
24047951400,11.3,9.7,707,79.891,68.579
24047951500,13.4,9.6,1183,158.522,113.568
24047951700,12.1,16.3,421,50.941,68.623
24047980000,,,0,,
24047990000,,,0,,
24510010100,0,17,261,0,44.37
24510010200,0,11.5,347,0,39.905
24510010300,0,20.3,186,0,37.758
24510010400,0,15.4,254,0,39.116
24510010500,10.6,14.4,264,27.984,38.016
24510020100,6.5,9.6,170,11.05,16.32
24510020200,44.6,32.1,184,82.064,59.064
24510020300,11.6,21.4,233,27.028,49.862
24510030100,94,8.6,252,236.88,21.672
24510030200,4.6,21.4,238,10.948,50.932
24510040100,91,23.4,278,252.98,65.052
24510040200,43.9,43.3,248,108.872,107.384
24510060100,24.8,32.3,420,104.16,135.66
24510060200,0,10.5,384,0,40.32
24510060300,23.3,33.1,306,71.298,101.286
24510060400,31,32.7,318,98.58,103.986
24510070100,44,30.4,655,288.2,199.12
24510070200,43.7,27,728,318.136,196.56
24510070300,29.3,22.1,188,55.084,41.548
24510070400,37,28.5,300,111,85.5
24510080101,2.2,3.7,1034,22.748,38.258
24510080102,38,24.7,382,145.16,94.354
24510080200,56.1,36.4,415,232.815,151.06
24510080301,31.1,18.7,629,195.619,117.623
24510080302,49.8,34,464,231.072,157.76
24510080400,14.5,18,248,35.96,44.64
24510080500,66.1,29.5,295,194.995,87.025
24510080600,26,26.9,219,56.94,58.911
24510080700,65.2,34,345,224.94,117.3
24510080800,50.6,35,498,251.988,174.3
24510090100,24,30.7,762,182.88,233.934
24510090200,27.4,19.7,639,175.086,125.883
24510090300,40.7,25.1,948,385.836,237.948
24510090400,40.9,31.8,179,73.211,56.922
24510090500,0,23.8,154,0,36.652
24510090600,42.9,32.8,652,279.708,213.856
24510090700,50.8,39.7,815,414.02,323.555
24510090800,5.5,10.1,392,21.56,39.592
24510090900,21.9,23.8,781,171.039,185.878
24510100100,21.1,27.7,167,35.237,46.259
24510100200,57.4,30.5,767,440.258,233.935
24510100300,,,0,,
24510110100,0,77.8,19,0,14.782
24510110200,0,12,333,0,39.96
24510120100,0,10,402,0,40.2
24510120201,7.6,11.4,240,18.24,27.36
24510120202,,,21,,
24510120300,36.9,39.8,482,177.858,191.836
24510120400,6.7,11.1,593,39.731,65.823
24510120500,6.6,10.8,248,16.368,26.784
24510120600,51.2,39.8,209,107.008,83.182
24510120700,11,16.5,155,17.05,25.575
24510130100,42.4,32,515,218.36,164.8
24510130200,22.5,31.7,293,65.925,92.881
24510130300,56.2,27.7,559,314.158,154.843
24510130400,31.3,25.8,507,158.691,130.806
24510130600,0,12.5,342,0,42.75
24510130700,3,5.4,367,11.01,19.818
24510130803,0,11.7,341,0,39.897
24510130804,15.1,19.9,166,25.066,33.034
24510130805,0,25.4,142,0,36.068
24510130806,0,24.7,147,0,36.309
24510140100,0,18.2,219,0,39.858
24510140200,37.2,37.9,339,126.108,128.481
24510140300,89.3,14.9,403,359.879,60.047
24510150100,57.3,31.7,335,191.955,106.195
24510150200,31,30.3,468,145.08,141.804
24510150300,68.8,24.3,452,310.976,109.836
24510150400,46.5,40.4,775,360.375,313.1
24510150500,73.3,23.5,521,381.893,122.435
24510150600,54,31.8,635,342.9,201.93
24510150701,48.9,34.3,677,331.053,232.211
24510150702,54.6,29.3,394,215.124,115.442
24510150800,34.6,37.3,1365,472.29,509.145
24510150900,58.9,41,1454,856.406,596.14
24510151000,30.7,18.2,1104,338.928,200.928
24510151100,0,5.2,804,0,41.808
24510151200,4,7.3,889,35.56,64.897
24510151300,27.5,23.3,880,242,205.04
24510160100,26.4,30.3,425,112.2,128.775
24510160200,18.9,24.9,359,67.851,89.391
24510160300,48.7,34.7,341,166.067,118.327
24510160400,6.9,12.2,317,21.873,38.674
24510160500,28.7,26.8,492,141.204,131.856
24510160600,0,9.4,432,0,40.608
24510160700,27.5,31.5,1198,329.45,377.37
24510160801,7.6,12.1,828,62.928,100.188
24510160802,55.9,24.9,1116,623.844,277.884
24510170100,29.4,26.7,384,112.896,102.528
24510170200,59.3,27.7,668,396.124,185.036
24510170300,35.3,22.6,514,181.442,116.164
24510180300,52.9,34.3,459,242.811,157.437
24510190100,89.3,22.5,252,225.036,56.7
24510190200,14.2,19.1,310,44.02,59.21
24510190300,2.1,3.9,638,13.398,24.882
24510200100,3.7,8.2,511,18.907,41.902
24510200200,58.5,34.1,330,193.05,112.53
24510200300,8.4,15.7,131,11.004,20.567
24510200400,35.7,35.3,185,66.045,65.305
24510200500,49.1,15.2,320,157.12,48.64
24510200600,2.5,4,575,14.375,23
24510200701,5.9,6.9,917,54.103,63.273
24510200702,24.5,40.4,155,37.975,62.62
24510200800,46.1,21.9,368,169.648,80.592
24510210100,47.2,39,282,133.104,109.98
24510210200,3.8,8.4,499,18.962,41.916
24510220100,0,14.1,322,0,45.402
24510230100,8.1,11.5,321,26.001,36.915
24510230200,0,26.2,137,0,35.894
24510230300,30,34.6,100,30,34.6
24510240100,0,7.1,575,0,40.825
24510240200,0,16,243,0,38.88
24510240300,0,27.1,131,0,35.501
24510240400,6.2,9.8,401,24.862,39.298
24510250101,6.2,8.3,887,54.994,73.621
24510250102,11.6,12.7,863,100.108,109.601
24510250103,4.3,7.4,328,14.104,24.272
24510250203,20.5,20.6,483,99.015,99.498
24510250204,49.2,18,1684,828.528,303.12
24510250205,46.1,19.9,1591,733.451,316.609
24510250206,21.9,23.4,862,188.778,201.708
24510250207,25,24,360,90,86.4
24510250301,52.3,26.9,676,353.548,181.844
24510250303,28.6,31.1,458,130.988,142.438
24510250401,19.5,18.5,1151,224.445,212.935
24510250402,59.9,20.7,1315,787.685,272.205
24510250500,50.7,23,1387,703.209,319.01
24510250600,,,0,,
24510260101,10,10.1,768,76.8,77.568
24510260102,13.5,7.1,1330,179.55,94.43
24510260201,25.6,22.2,1892,484.352,420.024
24510260202,45.6,34.2,1143,521.208,390.906
24510260203,39.1,27.7,483,188.853,133.791
24510260301,21.6,15.2,1403,303.048,213.256
24510260302,52.6,44.8,428,225.128,191.744
24510260303,14,25,107,14.98,26.75
24510260401,76.7,14.3,605,464.035,86.515
24510260402,18.4,18.4,841,154.744,154.744
24510260403,0,43.8,60,0,26.28
24510260404,44.5,42.1,548,243.86,230.708
24510260501,20.9,23.1,1445,302.005,333.795
24510260604,47.8,32.1,437,208.886,140.277
24510260605,18.3,17.7,2850,521.55,504.45
24510260700,29.9,24.4,736,220.064,179.584
24510260800,9.1,17.3,519,47.229,89.787
24510260900,0,14.2,276,0,39.192
24510261000,52.1,36.2,347,180.787,125.614
24510261100,0,14.4,273,0,39.312
24510270101,4.2,4.4,309,12.978,13.596
24510270102,44,24.8,841,370.04,208.568
24510270200,0,13.9,285,0,39.615
24510270301,0,4.8,866,0,41.568
24510270302,5.8,9.1,501,29.058,45.591
24510270401,20.4,22.8,1101,224.604,251.028
24510270402,6.5,10.7,1036,67.34,110.852
24510270501,8.3,11.3,918,76.194,103.734
24510270502,5.9,7,630,37.17,44.1
24510270600,16.1,17,640,103.04,108.8
24510270701,37.3,45.3,592,220.816,268.176
24510270702,10,14.1,351,35.1,49.491
24510270703,3.4,5.6,672,22.848,37.632
24510270801,22.5,23.9,677,152.325,161.803
24510270802,4.5,9,1618,72.81,145.62
24510270803,14,17,1231,172.34,209.27
24510270804,25.8,30.2,330,85.14,99.66
24510270805,11.7,11.1,938,109.746,104.118
24510270901,35.6,39.9,573,203.988,228.627
24510270902,6.2,5.8,668,41.416,38.744
24510270903,1.6,3.1,632,10.112,19.592
24510271001,40.1,29,162,64.962,46.98
24510271002,7.4,11.2,1015,75.11,113.68
24510271101,6.3,9.7,519,32.697,50.343
24510271102,0,14.4,281,0,40.464
24510271200,3.3,4.1,1892,62.436,77.572
24510271300,2.8,4.6,947,26.516,43.562
24510271400,0.9,1.5,1092,9.828,16.38
24510271501,0,3.7,1140,0,42.18
24510271503,0,40.8,69,0,28.152
24510271600,31.1,23,1201,373.511,276.23
24510271700,34.9,26.8,926,323.174,248.168
24510271801,20.5,27.2,517,105.985,140.624
24510271802,46.1,30,679,313.019,203.7
24510271900,0,5.8,795,0,46.11
24510272003,4.6,5.8,2607,119.922,151.206
24510272004,1.6,2.1,1134,18.144,23.814
24510272005,11.2,12.5,1058,118.496,132.25
24510272006,17.7,14.1,1041,184.257,146.781
24510272007,26.3,21,687,180.681,144.27
24510280101,28.9,25.6,441,127.449,112.896
24510280102,62.2,38.3,600,373.2,229.8
24510280200,16.5,15.3,880,145.2,134.64
24510280301,6,9.8,774,46.44,75.852
24510280302,2.9,7.1,1165,33.785,82.715
24510280401,37.6,32.8,708,266.208,232.224
24510280402,0,19.7,224,0,44.128
24510280403,33.1,24.4,991,328.021,241.804
24510280404,40.2,37.1,554,222.708,205.534
24510280500,91.7,8.5,643,589.631,54.655
24510280600,46.8,24.7,901,421.668,222.547
